employeeID,lastName,territoryID
1,Davolio,06897
1,Davolio,19713
2,Fuller,01581
2,Fuller,01730
2,Fuller,01833
2,Fuller,02116
2,Fuller,02139
2,Fuller,02184
2,Fuller,40222
3,Leverling,30346
3,Leverling,31406
3,Leverling,32859
3,Leverling,33607
4,Peacock,20852
4,Peacock,27403
4,Peacock,27511
5,Buchanan,02903
5,Buchanan,07960
5,Buchanan,08837
5,Buchanan,10019
5,Buchanan,10038
5,Buchanan,11747
5,Buchanan,14450
6,Suyama,85014
6,Suyama,85251
6,Suyama,98004
6,Suyama,98052
6,Suyama,98104
7,King,60179
7,King,60601
7,King,80202
7,King,80909
7,King,90405
7,King,94025
7,King,94105
7,King,95008
7,King,95054
7,King,95060
8,Callahan,19428
8,Callahan,44122
8,Callahan,45839
8,Callahan,53404
9,Dodsworth,03049
9,Dodsworth,03801
9,Dodsworth,48075
9,Dodsworth,48084
9,Dodsworth,48304
9,Dodsworth,55113
9,Dodsworth,55439
